{"is_source_file": false, "format": "", "description": "", "external_files": [], "external_methods": [], "published": [], "classes": [], "methods": [], "calls": [], "search-terms": [], "state": 2, "file_id": 2, "knowledge_revision": 15, "git_revision": "252560552056f50b18acc61b04ebe2cbf3b472ef", "hash": "ebece526bc2eadd78ddd787a76c56607", "format-version": 4, "code-base-name": "bmi_calculator_frontend", "filename": "bmi_calculator_frontend/README.md", "revision_history": [{"15": "252560552056f50b18acc61b04ebe2cbf3b472ef"}]}