{"is_source_file": false, "format": "", "description": "", "external_files": [], "external_methods": [], "published": [], "classes": [], "methods": [], "calls": [], "search-terms": [], "state": 2, "file_id": 12, "knowledge_revision": 21, "git_revision": "252560552056f50b18acc61b04ebe2cbf3b472ef", "hash": "be6538e7523bc2e9da0743133d784136", "format-version": 4, "code-base-name": "bmi_calculator_frontend", "filename": "bmi_calculator_frontend/eslint.config.mjs", "revision_history": [{"21": "252560552056f50b18acc61b04ebe2cbf3b472ef"}]}