{"is_source_file": false, "format": "", "description": "", "external_files": [], "external_methods": [], "published": [], "classes": [], "methods": [], "calls": [], "search-terms": [], "state": 2, "file_id": 11, "knowledge_revision": 20, "git_revision": "252560552056f50b18acc61b04ebe2cbf3b472ef", "hash": "d9d975cebe2ec20b6c652e1e4c12ccf0", "format-version": 4, "code-base-name": "bmi_calculator_frontend", "filename": "bmi_calculator_frontend/public/manifest.json", "revision_history": [{"20": "252560552056f50b18acc61b04ebe2cbf3b472ef"}]}