{"is_source_file": false, "format": "", "description": "", "external_files": [], "external_methods": [], "published": [], "classes": [], "methods": [], "calls": [], "search-terms": [], "state": 2, "file_id": 8, "knowledge_revision": 16, "git_revision": "252560552056f50b18acc61b04ebe2cbf3b472ef", "hash": "6c2104b8d219ed99234ae2d6329f4357", "format-version": 4, "code-base-name": "bmi_calculator_frontend", "filename": "bmi_calculator_frontend/src/index.css", "revision_history": [{"16": "252560552056f50b18acc61b04ebe2cbf3b472ef"}]}