{"is_source_file": true, "format": "JavaScript", "description": "This is the entry point file for a React frontend application, responsible for initializing and rendering the main App component.", "external_files": ["./App", "./index.css"], "external_methods": ["ReactDOM.createRoot", "root.render"], "published": [], "classes": [], "methods": ["ReactDOM.createRoot", "root.render"], "calls": ["ReactDOM.createRoot", "root.render"], "search-terms": ["React", "ReactDOM", "index.js", "entry point", "frontend initialization"], "state": 2, "file_id": 5, "knowledge_revision": 24, "git_revision": "252560552056f50b18acc61b04ebe2cbf3b472ef", "ctags": [{"_type": "tag", "name": "root", "path": "/home/kavia/workspace/code-generation/bmi-calculator-309734-309743/bmi_calculator_frontend/src/index.js", "pattern": "/^const root = ReactDOM.createRoot(document.getElementById('root'));$/", "language": "JavaScript", "kind": "constant"}], "hash": "9fc5841375336fc175b49f8767a11383", "format-version": 4, "code-base-name": "bmi_calculator_frontend", "filename": "bmi_calculator_frontend/src/index.js", "revision_history": [{"24": "252560552056f50b18acc61b04ebe2cbf3b472ef"}]}