{"is_source_file": false, "format": "", "description": "", "external_files": [], "external_methods": [], "published": [], "classes": [], "methods": [], "calls": [], "search-terms": [], "state": 2, "file_id": 9, "knowledge_revision": 18, "git_revision": "252560552056f50b18acc61b04ebe2cbf3b472ef", "hash": "d001d53c059625c4bcf75bf5a7f3fcf0", "format-version": 4, "code-base-name": "bmi_calculator_frontend", "filename": "bmi_calculator_frontend/package.json", "revision_history": [{"18": "252560552056f50b18acc61b04ebe2cbf3b472ef"}]}