{"is_source_file": false, "format": "", "description": "", "external_files": [], "external_methods": [], "published": [], "classes": [], "methods": [], "calls": [], "search-terms": [], "state": 2, "file_id": 3, "knowledge_revision": 23, "git_revision": "252560552056f50b18acc61b04ebe2cbf3b472ef", "ctags": [], "hash": "1a77571e1a8cf36018a41bcedf60db75", "format-version": 4, "code-base-name": "bmi_calculator_frontend", "filename": "bmi_calculator_frontend/src/setupTests.js", "revision_history": [{"23": "252560552056f50b18acc61b04ebe2cbf3b472ef"}]}