{"is_source_file": false, "format": "", "description": "", "external_files": [], "external_methods": [], "published": [], "classes": [], "methods": [], "calls": [], "search-terms": [], "state": 2, "file_id": 7, "knowledge_revision": 14, "git_revision": "252560552056f50b18acc61b04ebe2cbf3b472ef", "hash": "22f9e17cc1848b56dbb244518ac2707e", "format-version": 4, "code-base-name": "bmi_calculator_frontend", "filename": "bmi_calculator_frontend/src/App.css", "revision_history": [{"14": "252560552056f50b18acc61b04ebe2cbf3b472ef"}]}