{"is_source_file": false, "format": "", "description": "", "external_files": [], "external_methods": [], "published": [], "classes": [], "methods": [], "calls": [], "search-terms": [], "state": 2, "file_id": 1, "knowledge_revision": 17, "git_revision": "784a92d5340218d27be9f110c83d78555d9d4e6e", "hash": "2a74367c19d04d5806cca8d9702496c8", "format-version": 4, "code-base-name": "bmi_calculator_frontend", "filename": "README.md", "revision_history": [{"17": "784a92d5340218d27be9f110c83d78555d9d4e6e"}]}